phase,repetition,sequence,version,order,threads,time_ms,process_wall_ms,nodes_explored,nodes_pruned,solution,length,valid,command
warmup,0,1,2,8,1,2.73,13.198210,20910,36987,"[0, 1, 4, 9, 15, 22, 32, 34]",34,True,./build/golomb_v2 8 --threads 1
warmup,0,2,2,10,1,211.87,219.635223,1243533,3955972,"[0, 2, 14, 21, 29, 32, 45, 49, 54, 55]",55,True,./build/golomb_v2 10 --threads 1
warmup,0,3,1,10,1,330.42,335.601963,2466475,5398574,"[0, 1, 6, 10, 23, 26, 34, 41, 53, 55]",55,True,./build/golomb_v1 10
warmup,0,4,2,9,1,23.25,28.138207,147531,366878,"[0, 1, 5, 12, 25, 27, 35, 41, 44]",44,True,./build/golomb_v2 9 --threads 1
warmup,0,5,2,10,2,94.69,99.790119,1087616,3589617,"[0, 1, 6, 10, 23, 26, 34, 41, 53, 55]",55,True,./build/golomb_v2 10 --threads 2
warmup,0,6,2,8,2,1.68,6.546614,22307,38085,"[0, 1, 4, 9, 15, 22, 32, 34]",34,True,./build/golomb_v2 8 --threads 2
warmup,0,7,2,8,4,1.27,5.988780,24173,40062,"[0, 1, 4, 9, 15, 22, 32, 34]",34,True,./build/golomb_v2 8 --threads 4
warmup,0,8,2,9,4,6.45,12.823318,163058,389181,"[0, 1, 5, 12, 25, 27, 35, 41, 44]",44,True,./build/golomb_v2 9 --threads 4
warmup,0,9,1,9,1,35.52,39.973317,303756,546788,"[0, 1, 5, 12, 25, 27, 35, 41, 44]",44,True,./build/golomb_v1 9
warmup,0,10,1,8,1,3.67,9.072742,37208,52868,"[0, 1, 4, 9, 15, 22, 32, 34]",34,True,./build/golomb_v1 8
warmup,0,11,2,10,4,74.18,80.114133,1572247,5053846,"[0, 2, 14, 21, 29, 32, 45, 49, 54, 55]",55,True,./build/golomb_v2 10 --threads 4
warmup,0,12,2,9,2,12.32,17.255053,155948,377258,"[0, 1, 5, 12, 25, 27, 35, 41, 44]",44,True,./build/golomb_v2 9 --threads 2
measured,1,13,2,9,1,22.38,27.356026,147531,366878,"[0, 1, 5, 12, 25, 27, 35, 41, 44]",44,True,./build/golomb_v2 9 --threads 1
measured,1,14,1,8,1,3.65,7.865733,37208,52868,"[0, 1, 4, 9, 15, 22, 32, 34]",34,True,./build/golomb_v1 8
measured,1,15,2,8,4,1.24,5.813229,23555,39230,"[0, 1, 4, 9, 15, 22, 32, 34]",34,True,./build/golomb_v2 8 --threads 4
measured,1,16,2,9,4,6.48,11.364163,163613,389266,"[0, 1, 5, 12, 25, 27, 35, 41, 44]",44,True,./build/golomb_v2 9 --threads 4
measured,1,17,2,9,2,11.78,17.786309,155984,377264,"[0, 1, 5, 12, 25, 27, 35, 41, 44]",44,True,./build/golomb_v2 9 --threads 2
measured,1,18,2,10,4,70.85,75.995684,1619238,5184137,"[0, 2, 14, 21, 29, 32, 45, 49, 54, 55]",55,True,./build/golomb_v2 10 --threads 4
measured,1,19,2,10,1,202.76,207.474363,1243533,3955972,"[0, 2, 14, 21, 29, 32, 45, 49, 54, 55]",55,True,./build/golomb_v2 10 --threads 1
measured,1,20,2,8,1,2.67,10.252707,20910,36987,"[0, 1, 4, 9, 15, 22, 32, 34]",34,True,./build/golomb_v2 8 --threads 1
measured,1,21,2,10,2,96.16,100.712682,1107068,3631947,"[0, 1, 6, 10, 23, 26, 34, 41, 53, 55]",55,True,./build/golomb_v2 10 --threads 2
measured,1,22,1,9,1,35.15,39.316666,303756,546788,"[0, 1, 5, 12, 25, 27, 35, 41, 44]",44,True,./build/golomb_v1 9
measured,1,23,2,8,2,1.82,6.643506,22308,38085,"[0, 1, 4, 9, 15, 22, 32, 34]",34,True,./build/golomb_v2 8 --threads 2
measured,1,24,1,10,1,325.33,332.373494,2466475,5398574,"[0, 1, 6, 10, 23, 26, 34, 41, 53, 55]",55,True,./build/golomb_v1 10
measured,2,25,1,8,1,3.57,8.850935,37208,52868,"[0, 1, 4, 9, 15, 22, 32, 34]",34,True,./build/golomb_v1 8
measured,2,26,2,10,1,205.15,212.133693,1243533,3955972,"[0, 2, 14, 21, 29, 32, 45, 49, 54, 55]",55,True,./build/golomb_v2 10 --threads 1
measured,2,27,1,9,1,34.90,39.903790,303756,546788,"[0, 1, 5, 12, 25, 27, 35, 41, 44]",44,True,./build/golomb_v1 9
measured,2,28,1,10,1,332.94,339.548197,2466475,5398574,"[0, 1, 6, 10, 23, 26, 34, 41, 53, 55]",55,True,./build/golomb_v1 10
measured,2,29,2,9,2,12.20,17.850410,156973,378626,"[0, 1, 5, 12, 25, 27, 35, 41, 44]",44,True,./build/golomb_v2 9 --threads 2
measured,2,30,2,8,4,7.40,14.580469,23155,39011,"[0, 1, 4, 9, 15, 22, 32, 34]",34,True,./build/golomb_v2 8 --threads 4
measured,2,31,2,8,2,2.42,11.533735,21587,37425,"[0, 1, 4, 9, 15, 22, 32, 34]",34,True,./build/golomb_v2 8 --threads 2
measured,2,32,2,10,2,183.01,188.470552,2141171,6512378,"[0, 2, 14, 21, 29, 32, 45, 49, 54, 55]",55,True,./build/golomb_v2 10 --threads 2
measured,2,33,2,9,4,6.75,14.412275,163189,389294,"[0, 1, 5, 12, 25, 27, 35, 41, 44]",44,True,./build/golomb_v2 9 --threads 4
measured,2,34,2,9,1,23.81,31.152537,147531,366878,"[0, 1, 5, 12, 25, 27, 35, 41, 44]",44,True,./build/golomb_v2 9 --threads 1
measured,2,35,2,8,1,2.80,9.545696,20910,36987,"[0, 1, 4, 9, 15, 22, 32, 34]",34,True,./build/golomb_v2 8 --threads 1
measured,2,36,2,10,4,47.28,52.147321,971902,3344534,"[0, 1, 6, 10, 23, 26, 34, 41, 53, 55]",55,True,./build/golomb_v2 10 --threads 4
measured,3,37,2,10,1,207.37,212.956145,1243533,3955972,"[0, 2, 14, 21, 29, 32, 45, 49, 54, 55]",55,True,./build/golomb_v2 10 --threads 1
measured,3,38,2,8,1,2.66,10.075008,20910,36987,"[0, 1, 4, 9, 15, 22, 32, 34]",34,True,./build/golomb_v2 8 --threads 1
measured,3,39,2,8,2,1.73,6.692065,22307,38085,"[0, 1, 4, 9, 15, 22, 32, 34]",34,True,./build/golomb_v2 8 --threads 2
measured,3,40,2,9,2,12.24,16.618396,156975,378638,"[0, 1, 5, 12, 25, 27, 35, 41, 44]",44,True,./build/golomb_v2 9 --threads 2
measured,3,41,2,8,4,5.95,12.439384,23220,39039,"[0, 1, 4, 9, 15, 22, 32, 34]",34,True,./build/golomb_v2 8 --threads 4
measured,3,42,2,9,1,22.81,28.577314,147531,366878,"[0, 1, 5, 12, 25, 27, 35, 41, 44]",44,True,./build/golomb_v2 9 --threads 1
measured,3,43,2,10,4,76.55,81.579166,1628592,5199395,"[0, 2, 14, 21, 29, 32, 45, 49, 54, 55]",55,True,./build/golomb_v2 10 --threads 4
measured,3,44,2,10,2,183.05,188.312387,2197754,6624373,"[0, 1, 6, 10, 23, 26, 34, 41, 53, 55]",55,True,./build/golomb_v2 10 --threads 2
measured,3,45,1,8,1,3.69,9.488538,37208,52868,"[0, 1, 4, 9, 15, 22, 32, 34]",34,True,./build/golomb_v1 8
measured,3,46,1,9,1,35.26,39.520062,303756,546788,"[0, 1, 5, 12, 25, 27, 35, 41, 44]",44,True,./build/golomb_v1 9
measured,3,47,1,10,1,322.71,328.204641,2466475,5398574,"[0, 1, 6, 10, 23, 26, 34, 41, 53, 55]",55,True,./build/golomb_v1 10
measured,3,48,2,9,4,6.57,11.425249,163077,389203,"[0, 1, 5, 12, 25, 27, 35, 41, 44]",44,True,./build/golomb_v2 9 --threads 4
measured,4,49,1,8,1,3.62,8.034373,37208,52868,"[0, 1, 4, 9, 15, 22, 32, 34]",34,True,./build/golomb_v1 8
measured,4,50,2,9,4,6.57,11.298909,163077,389203,"[0, 1, 5, 12, 25, 27, 35, 41, 44]",44,True,./build/golomb_v2 9 --threads 4
measured,4,51,2,8,2,1.67,6.480872,22308,38085,"[0, 1, 4, 9, 15, 22, 32, 34]",34,True,./build/golomb_v2 8 --threads 2
measured,4,52,2,9,2,12.00,18.102749,157011,378644,"[0, 1, 5, 12, 25, 27, 35, 41, 44]",44,True,./build/golomb_v2 9 --threads 2
measured,4,53,2,10,1,204.66,212.675033,1243533,3955972,"[0, 2, 14, 21, 29, 32, 45, 49, 54, 55]",55,True,./build/golomb_v2 10 --threads 1
measured,4,54,1,10,1,332.93,337.941718,2466475,5398574,"[0, 1, 6, 10, 23, 26, 34, 41, 53, 55]",55,True,./build/golomb_v1 10
measured,4,55,1,9,1,34.91,39.932398,303756,546788,"[0, 1, 5, 12, 25, 27, 35, 41, 44]",44,True,./build/golomb_v1 9
measured,4,56,2,10,2,178.25,183.837746,2065563,6347429,"[0, 2, 14, 21, 29, 32, 45, 49, 54, 55]",55,True,./build/golomb_v2 10 --threads 2
measured,4,57,2,8,1,2.69,9.963378,20910,36987,"[0, 1, 4, 9, 15, 22, 32, 34]",34,True,./build/golomb_v2 8 --threads 1
measured,4,58,2,10,4,45.34,50.551924,971876,3344496,"[0, 1, 6, 10, 23, 26, 34, 41, 53, 55]",55,True,./build/golomb_v2 10 --threads 4
measured,4,59,2,8,4,1.36,6.249779,24362,40166,"[0, 1, 4, 9, 15, 22, 32, 34]",34,True,./build/golomb_v2 8 --threads 4
measured,4,60,2,9,1,21.84,26.440438,147531,366878,"[0, 1, 5, 12, 25, 27, 35, 41, 44]",44,True,./build/golomb_v2 9 --threads 1
measured,5,61,2,10,2,175.82,181.363268,2059912,6334030,"[0, 2, 14, 21, 29, 32, 45, 49, 54, 55]",55,True,./build/golomb_v2 10 --threads 2
measured,5,62,2,9,2,12.41,17.627211,157011,378644,"[0, 1, 5, 12, 25, 27, 35, 41, 44]",44,True,./build/golomb_v2 9 --threads 2
measured,5,63,2,8,4,1.28,6.164838,24174,40062,"[0, 1, 4, 9, 15, 22, 32, 34]",34,True,./build/golomb_v2 8 --threads 4
measured,5,64,2,10,1,210.01,217.000363,1243533,3955972,"[0, 2, 14, 21, 29, 32, 45, 49, 54, 55]",55,True,./build/golomb_v2 10 --threads 1
measured,5,65,1,9,1,34.89,39.433472,303756,546788,"[0, 1, 5, 12, 25, 27, 35, 41, 44]",44,True,./build/golomb_v1 9
measured,5,66,2,8,2,1.70,8.733549,22307,38085,"[0, 1, 4, 9, 15, 22, 32, 34]",34,True,./build/golomb_v2 8 --threads 2
measured,5,67,1,8,1,3.66,7.405717,37208,52868,"[0, 1, 4, 9, 15, 22, 32, 34]",34,True,./build/golomb_v1 8
measured,5,68,2,9,4,7.33,13.866801,162916,389153,"[0, 1, 5, 12, 25, 27, 35, 41, 44]",44,True,./build/golomb_v2 9 --threads 4
measured,5,69,1,10,1,329.23,335.091033,2466475,5398574,"[0, 1, 6, 10, 23, 26, 34, 41, 53, 55]",55,True,./build/golomb_v1 10
measured,5,70,2,9,1,22.37,31.508828,147531,366878,"[0, 1, 5, 12, 25, 27, 35, 41, 44]",44,True,./build/golomb_v2 9 --threads 1
measured,5,71,2,10,4,50.17,59.438015,1003683,3397873,"[0, 1, 6, 10, 23, 26, 34, 41, 53, 55]",55,True,./build/golomb_v2 10 --threads 4
measured,5,72,2,8,1,2.77,8.359088,20910,36987,"[0, 1, 4, 9, 15, 22, 32, 34]",34,True,./build/golomb_v2 8 --threads 1
